postcode,latitude,longitude,suburbs
3000,-37.81443733,144.9825846,Melbourne
3001,-37.81443733,144.9825846,Melbourne
3002,-37.81443733,144.9825846,East Melbourne
3003,-37.810871,144.949592,West Melbourne
3004,-37.844246,144.970161,"Melbourne, St Kilda Road Central, St Kilda Road Melbourne"
3005,-37.824608,144.950858,World Trade Centre
3006,-37.82528675,144.9520744,"South Wharf, Southbank"
3008,-37.814719,144.948039,Docklands
3010,-37.796152,144.961351,University Of Melbourne
3011,-37.807101,144.907953,"Footscray, Seddon, Seddon West"
3012,-37.807135,144.861162,"Brooklyn, Kingsville, Kingsville West, Maidstone, Tottenham, West Footscray"
3013,-37.814183,144.888686,"Yarraville, Yarraville West"
3015,-37.838242,144.880556,"Newport, South Kingsville, Spotswood"
3016,-37.863743,144.888461,"Williamstown, Williamstown North"
3018,-37.86172,144.812736,"Altona, Seaholme"
3019,-37.784683,144.854014,"Braybrook, Braybrook North, Robinson"
3020,-37.777204,144.829945,"Albion, Glengala, Sunshine, Sunshine North, Sunshine West"
3021,-37.743361,144.796693,"Albanvale, Kealba, Kings Park, St Albans"
3022,-37.795937,144.793961,"Ardeer, Deer Park East"
3023,-37.78272,144.770641,"Burnside, Burnside Heights, Cairnlea, Caroline Springs, Deer Park, Deer Park North, Ravenhall"
3024,-37.899873,144.556552,"Fieldstone, Mambourin, Manor Lakes, Mount Cottrell, Wyndham Vale"
3025,-37.835562,144.839704,"Altona East, Altona Gate, Altona North"
3026,-37.91624,144.64209,"Derrimut, Laverton North"
3027,-37.932419,144.754147,"Laverton Raaf, Williams Landing, Williams Raaf"
3028,-37.875066,144.777165,"Altona Meadows, Laverton, Seabrook"
3029,-37.837165,144.705831,"Hoppers Crossing, Tarneit, Truganina"
3030,-37.91624,144.64209,"Chartwell, Cocoroc, Point Cook, Quandong, Werribee, Werribee South"
3031,-37.79119,144.923403,"Flemington, Kensington"
3032,-37.774486,144.897221,"Ascot Vale, Highpoint City, Maribyrnong, Travancore"
3033,-37.74107,144.857638,Keilor East
3034,-37.761235,144.86194,Avondale Heights
3036,-37.705324,144.82246,"Keilor, Keilor North"
3037,-37.715579,144.780474,"Calder Park, Delahey, Hillside, Plumpton, Sydenham, Taylors Hill"
3038,-37.700454,144.766873,"Keilor Downs, Keilor Lodge, Taylors Lakes, Watergardens"
3039,-37.766184,144.922995,Moonee Ponds
3040,-37.751845,144.902556,"Aberfeldie, Essendon, Essendon West"
3041,-37.731464,144.904815,"Cross Keys, Essendon Fields, Essendon North, Strathmore, Strathmore Heights"
3042,-37.727529,144.866305,"Airport West, Keilor Park, Niddrie, Niddrie North"
3043,-37.691916,144.888368,"Gladstone Park, Gowanbrae, Tullamarine"
3044,-37.731138,144.936356,"Pascoe Vale, Pascoe Vale South"
3045,-37.674739,144.836195,Melbourne Airport
3046,-37.706578,144.927968,"Glenroy, Hadfield, Oak Park"
3047,-37.681105,144.930247,"Broadmeadows, Dallas, Jacana"
3048,-37.653917,144.923609,"Coolaroo, Meadow Heights"
3049,-37.673182,144.888492,"Attwood, Westmeadows"
3050,-37.7989153,144.95617,Royal Melbourne Hospital
3051,-37.8006,144.943559,"Hotham Hill, North Melbourne"
3052,-37.788996,144.948903,"Melbourne University, Parkville"
3053,-37.803569,144.966112,"Carlton, Carlton South"
3054,-37.786971,144.96724,"Carlton North, Princes Hill"
3055,-37.763584,144.942222,"Brunswick South, Brunswick West, Moonee Vale, Moreland West"
3056,-37.766292,144.960108,"Brunswick, Brunswick Lower, Brunswick North"
3057,-37.770012,144.97728,"Brunswick East, Lygon Street North, Sumner"
3058,-37.739901,144.964524,"Batman, Coburg, Coburg North, Merlynston, Moreland"
3059,-37.639887,144.879626,Greenvale
3060,-37.707326,144.967874,"Fawkner, Fawkner East, Fawkner North"
3061,-37.666265,144.956763,Campbellfield
3062,-37.632986,144.932557,Somerton
3063,-37.595015,144.856082,"Oaklands Junction, Yuroke"
3064,-37.546522,144.942199,"Craigieburn, Donnybrook, Kalkallo, Mickleham, Roxburgh Park"
3065,-37.802608,144.977795,Fitzroy
3066,-37.804846,144.986906,"Collingwood, Collingwood North"
3067,-37.803515,144.998203,Abbotsford
3068,-37.790974,144.98622,"Clifton Hill, Fitzroy North"
3070,-37.774064,144.999745,"Northcote, Northcote South"
3071,-37.759426,145.007006,Thornbury
3072,-37.74247,145.005702,"Gilberton, Northland Centre, Preston, Preston Lower, Preston South, Preston West, Regent West, Sylvester"
3073,-37.712474,145.005955,"Keon Park, Reservoir, Reservoir East, Reservoir North, Reservoir South"
3074,-37.684684,145.006644,Thomastown
3075,-37.66607,145.002679,"Lalor, Lalor Plaza"
3076,-37.643598,145.022137,"Epping, Epping Dc"
3078,-37.778298,145.025853,"Alphington, Fairfield"
3079,-37.772675,145.048573,"Ivanhoe, Ivanhoe East, Ivanhoe North"
3081,-37.743008,145.046401,"Bellfield, Heidelberg Heights, Heidelberg Rgh, Heidelberg West"
3082,-37.664858,145.065658,Mill Park
3083,-37.701346,145.056223,"Bundoora, Kingsbury, La Trobe University"
3084,-37.744406,145.082685,"Banyule, Eaglemont, Heidelberg, Rosanna, Viewbank"
3085,-37.724398,145.06988,"Macleod, Macleod West, Yallambie"
3086,-37.721328,145.047012,La Trobe University
3087,-37.711787,145.082426,"Watsonia, Watsonia North"
3088,-37.700175,145.108339,"Briar Hill, Greensborough, Saint Helena, St Helena"
3089,-37.667713,145.150369,Diamond Creek
3090,-37.668408,145.107802,Plenty
3091,-37.637478,145.136688,Yarrambat
3093,-37.73919,145.115208,Lower Plenty
3094,-37.719759,145.124727,Montmorency
3095,-37.713299,145.158579,"Eltham, Eltham North, Research"
3096,-37.670851,145.185826,Wattle Glen
3097,-37.695254,145.224204,"Bend Of Islands, Kangaroo Ground, Watsons Creek"
3099,-37.592101,145.192854,"Arthurs Creek, Cottles Bridge, Hurstbridge, Nutfield, Strathewen"
3101,-37.807397,145.036575,"Cotham, Kew"
3102,-37.793805,145.05219,Kew East
3103,-37.811738,145.074116,"Balwyn, Balwyn East, Deepdene, Deepdene Dc, Stradbroke Park"
3104,-37.793695,145.081714,"Balwyn North, Greythorn"
3105,-37.772477,145.084806,"Bulleen, Bulleen South"
3106,-37.758335,145.142675,Templestowe
3107,-37.765225,145.110677,Templestowe Lower
3108,-37.786429,145.125797,Doncaster
3109,-37.784786,145.161649,"Doncaster East, Doncaster Heights, The Pines, Tunstall Square Po"
3111,-37.794054,145.186334,Donvale
3113,-37.752123,145.204689,"North Warrandyte, Warrandyte"
3114,-37.778595,145.212599,Park Orchards
3115,-37.736734,145.267586,Wonga Park
3116,-37.737629,145.313086,Chirnside Park
3121,-37.823303,145.001788,"Burnley, Burnley North, Cremorne, Richmond, Richmond East, Richmond North, Richmond South, Victoria Gardens"
3122,-37.822725,145.030602,"Auburn South, Glenferrie South, Hawthorn, Hawthorn North, Hawthorn West"
3123,-37.829752,145.049415,"Auburn, Hawthorn East"
3124,-37.840867,145.068191,"Camberwell, Camberwell North, Camberwell South, Camberwell West, Hartwell, Middle Camberwell"
3125,-37.851305,145.101,"Bennettswood, Burwood, Surrey Hills South"
3126,-37.827203,145.075748,"Camberwell East, Canterbury"
3127,-37.825173,145.097236,"Mont Albert, Surrey Hills, Surrey Hills North"
3128,-37.828866,145.122393,"Box Hill, Box Hill Central, Box Hill South, Houston, Wattle Park"
3129,-37.806965,145.125084,"Box Hill North, Kerrimuir, Mont Albert North"
3130,-37.81805,145.149653,"Blackburn, Blackburn North, Blackburn South, Laburnum"
3131,-37.817798,145.174489,"Brentford Square, Forest Hill, Nunawading"
3132,-37.819222,145.196686,"Mitcham, Mitcham North, Rangeview"
3133,-37.848786,145.192303,"Vermont, Vermont South"
3134,-37.796091,145.232557,"Heathwood, Ringwood, Ringwood North, Warrandyte South, Warranwood"
3135,-37.819594,145.248209,"Bedford Road, Heathmont, Ringwood East"
3136,-37.779876,145.282396,"Croydon, Croydon Hills, Croydon North, Croydon South"
3137,-37.819364,145.313346,"Kilsyth, Kilsyth South"
3138,-37.78391,145.322794,Mooroolbark
3139,-37.814506,145.532666,"Beenak, Don Valley, Hoddles Creek, Launching Place, Seville, Seville East, Wandin East, Wandin North, Woori Yallock, Yellingbo"
3140,-37.759154,145.363185,Lilydale
3141,-37.840679,144.991264,"Chapel Street North, Domain Road Po, South Yarra"
3142,-37.84411,145.017732,"Hawksburn, Toorak"
3143,-37.858918,145.019393,"Armadale, Armadale North"
3144,-37.857443,145.034127,"Kooyong, Malvern, Malvern North"
3145,-37.873557,145.049328,"Caulfield East, Central Park, Darling, Darling South, Malvern East, Wattletree Road Po"
3146,-37.857116,145.057833,"Glen Iris, Tooronga"
3147,-37.867864,145.092946,"Ashburton, Ashwood"
3148,-37.882562,145.090149,"Chadstone, Chadstone Centre, Holmesglen, Jordanville"
3149,-37.880748,145.128118,"Mount Waverley, Pinewood, Syndal"
3150,-37.876968,145.170841,"Brandon Park, Glen Waverley, Wheelers Hill"
3151,-37.85523,145.151119,"Burwood East, Burwood Heights"
3152,-37.864951,145.221695,"Knox City Centre, Studfield, Wantirna, Wantirna South"
3153,-37.845116,145.270141,"Bayswater, Bayswater North"
3154,-37.856009,145.31784,The Basin
3155,-37.861799,145.284418,Boronia
3156,-37.917932,145.292895,"Ferntree Gully, Lysterfield, Lysterfield South, Mountain Gate, Upper Ferntree Gully"
3158,-37.910077,145.324468,Upwey
3159,-37.921894,145.3892,"Menzies Creek, Selby"
3160,-37.935097,145.350821,"Belgrave, Belgrave Heights, Belgrave South, Tecoma"
3161,-37.873733,145.019929,"Caulfield Junction, Caulfield North"
3162,-37.892139,145.023394,"Caulfield, Caulfield South, Hopetoun Gardens"
3163,-37.896497,145.057237,"Booran Road Po, Carnegie, Glen Huntly, Murrumbeena"
3164,-38.02243,145.23738,Dandenong South
3165,-37.922369,145.059426,"Bentleigh East, Coatesville"
3166,-37.902805,145.089719,"Hughesdale, Huntingdale, Oakleigh, Oakleigh East"
3167,-37.923345,145.087614,Oakleigh South
3168,-37.91342,145.12665,"Clayton, Notting Hill"
3169,-37.945149,145.115271,"Clarinda, Clayton South"
3170,-37.920945,145.167859,"Mulgrave, Waverley Gardens"
3171,-37.944608,145.156783,"Sandown Village, Springvale"
3172,-37.975981,145.13465,"Dingley Village, Springvale South"
3173,-38.006771,145.164863,Keysborough
3174,-37.966218,145.17877,"Noble Park, Noble Park East, Noble Park North"
3175,-38.016114,145.208504,"Bangholme, Dandenong, Dandenong East, Dandenong North, Dandenong South, Dunearn"
3176,-37.8992,145.23,Scoresby Bc
3177,-37.990985,145.237462,"Doveton, Eumemmerring"
3178,-37.924431,145.241589,Rowville
3179,-37.897137,145.222634,Scoresby
3180,-37.893263,145.246731,Knoxfield
3181,-37.854683,144.995504,"Prahran, Prahran East, Windsor"
3182,-37.865322,144.979478,"St Kilda, St Kilda South, St Kilda West"
3183,-37.869072,144.999026,"Balaclava, St Kilda East"
3184,-37.881414,144.984034,"Brighton Road, Elwood"
3185,-37.891841,145.002571,"Elsternwick, Gardenvale, Ripponlea"
3186,-37.915066,144.996329,"Brighton, Brighton North, Dendy, Were Street Po"
3187,-37.925371,145.013593,"Brighton East, North Road"
3188,-37.938889,145.007238,"Hampton, Hampton East, Hampton North"
3189,-37.942021,145.047802,"Moorabbin, Moorabbin East, Wishart"
3190,-37.951394,145.038147,Highett
3191,-37.956585,145.013472,Sandringham
3192,-37.965655,145.0623,"Cheltenham, Cheltenham East, Cheltenham North, Southland Centre"
3193,-37.978698,145.031561,"Beaumaris, Black Rock, Black Rock North, Cromer"
3194,-37.985059,145.067356,"Mentone, Mentone East, Moorabbin Airport"
3195,-38.007024,145.104105,"Aspendale, Aspendale Gardens, Braeside, Mordialloc, Mordialloc North, Parkdale, Waterways"
3196,-38.046479,145.122762,"Bonbeach, Chelsea, Chelsea Heights, Edithvale"
3197,-38.072748,145.134111,"Carrum, Patterson Lakes"
3198,-38.103194,145.137811,"Belvedere Park, Seaford"
3199,-38.162578,145.135961,"Frankston, Frankston East, Frankston Heights, Frankston South, Karingal, Karingal Centre"
3200,-38.126458,145.157574,"Frankston North, Pines Forest"
3201,-38.092874,145.177905,Carrum Downs
3202,-37.960555,145.092698,Heatherton
3204,-37.916956,145.036783,"Bentleigh, Mckinnon, Ormond, Patterson"
3205,-37.831693,144.958176,"South Melbourne, South Melbourne Dc"
3206,-37.846534,144.95086,"Albert Park, Middle Park"
3207,-37.832179,144.918044,"Garden City, Port Melbourne"
3211,-37.943586,144.498479,Little River
3212,-38.039958,144.422666,"Avalon, Lara, Point Wilson"
3213,-38.091,144.2779,"Anakie, Batesford, Lovely Banks, Moorabool"
3214,-38.084781,144.352385,"Corio, Norlane, North Shore"
3215,-38.111002,144.33452,"Bell Park, Bell Post Hill, Drumcondra, Geelong North, Hamlyn Heights, North Geelong, Rippleside"
3216,-38.215906,144.334005,"Belmont, Freshwater Creek, Grovedale, Grovedale East, Highton, Marshall, Mount Duneed, Wandana Heights, Waurn Ponds"
3217,-38.27029834,144.249583,"Armstrong Creek, Charlemont, Deakin University, Freshwater Creek, Mount Duneed"
3218,-38.138728,144.330986,"Fyansford, Geelong West, Herne Hill, Manifold Heights, Murgheboluc, Stonehaven"
3219,-38.17277,144.389533,"Breakwater, East Geelong, Newcomb, St Albans Park, Thomson, Whittington"
3220,-38.157038,144.34652,"Bareena, Geelong, Newtown, South Geelong"
3221,-38.181608,144.427419,"Anakie, Barrabool, Batesford, Bellarine, Ceres, Fyansford, Geelong Mc, Gnarwarre, Grey River, Kennett River, Lovely Banks, Moolap, Moorabool, Murgheboluc, Separation Creek, Staughton Vale, Stonehaven, Sugarloaf, Wallington, Wongarra, Wye River"
3222,-38.209921,144.572989,"Clifton Springs, Curlewis, Drysdale, Mannerim, Marcus Hill, Wallington"
3223,-38.147989,144.668477,"Bellarine, Indented Head, Portarlington, St Leonards"
3224,-38.202905,144.462401,"Leopold, Moolap"
3225,-38.271074,144.614191,"Point Lonsdale, Queenscliff, Swan Bay, Swan Island"
3226,-38.263811,144.523761,Ocean Grove
3227,-38.263052,144.40814,"Barwon Heads, Breamlea, Connewarre"
3228,-38.307545,144.299978,"Bellbrae, Bells Beach, Jan Juc, Torquay"
3230,-38.409363,144.176397,Anglesea
3231,-38.459435,144.106892,"Aireys Inlet, Big Hill, Eastern View, Fairhaven, Moggs Creek"
3232,-38.544977,143.970167,"Big Hill, Lorne"
3233,-38.679417,143.671777,"Apollo Bay, Cape Otway, Marengo, Petticoat Creek, Skenes Creek, Skenes Creek North"
3234,-38.69,143.7961,"Grey River, Kennett River, Separation Creek, Sugarloaf, Wongarra, Wye River"
3235,-38.411964,143.924288,"Benwerrin, Boonah, Deans Marsh, Pennyroyal"
3236,-38.521903,143.712384,"Forrest, Mount Sabine"
3237,-38.716838,143.474392,"Aire Valley, Beech Forest, Ferguson, Gellibrand Lower, Wattle Hill, Weeaproinah, Wyelangta, Yuulong"
3238,-38.781787,143.429978,"Glenaire, Hordern Vale, Johanna, Lavers Hill"
3239,-38.564014,143.448102,"Carlisle River, Chapple Vale, Gellibrand, Kennedys Creek"
3240,-38.263005,144.174411,"Buckley, Gherang, Modewarre, Moriac, Mount Moriac, Paraparap"
3241,-38.20363,143.892824,"Bambra, Ombersley, Wensleydale, Winchelsea, Winchelsea South, Wurdiboluc"
3242,-38.346704,143.740326,Birregurra
3243,-38.364034,143.82588,"Barwon Downs, Gerangamete, Murroon, Warncoort, Whoorel"
3249,-38.388291,143.557159,"Alvie, Balintore, Barongarook, Barongarook West, Barramunga, Coragulac, Corunnun, Dreeite, Dreeite South, Gerangamete, Irrewarra, Irrewillipe, Irrewillipe East, Kawarren, Larpent, Nalangil, Ondit, Pirron Yallock, Pomborneit East, Swan Marsh, Tanybryn, Warrion, Wool Wool, Yeo, Yeodene"
3250,-38.311513,143.584742,"Colac, Colac East, Colac West, Elliminyt"
3251,-38.155186,143.648479,"Beeac, Cundare, Cundare North, Eurack, Weering"
3254,-38.289636,143.52228,Cororooke
3260,-38.209584,143.244766,"Bookaar, Bostocks Creek, Bungador, Camperdown, Carpendeit, Chocolyn, Gnotuk, Kariah, Koallah, Leslie Manor, Pomborneit, Pomborneit North, Skibo, South Purrumbete, Stonyford, Tandarook, Tesbury, Weerite"
3264,-38.232443,142.884394,Terang
3265,-38.178237,142.952372,"Boorcan, Cudgee, Dixie, Ecklin South, Ellerslie, Framlingham, Framlingham East, Garvoc, Glenormiston, Glenormiston North, Glenormiston South, Kolora, Laang, Noorat, Noorat East, Panmure, Taroon, The Sisters"
3266,-38.407094,143.133721,"Bullaharre, Cobden, Cobrico, Elingamite, Elingamite North, Glenfyne, Jancourt, Jancourt East, Naroghid, Simpson"
3267,-38.466647,143.06073,Scotts Creek
3268,-38.535802,142.908911,"Ayrford, Brucknell, Cooriemungle, Cowleys Creek, Curdie Vale, Curdies River, Curdievale, Heytesbury Lower, Newfield, Nirranda, Nirranda East, Nirranda South, Nullawarre, Nullawarre East, Nullawarre North, Paaratte, The Cove, Timboon, Timboon West"
3269,-38.660637,143.177116,"Port Campbell, Princetown, Waarre"
3270,-38.602117,142.870164,Peterborough
3271,-37.888549,142.98753,"Darlington, Dundonnell, Pura Pura"
3272,-37.982186,142.853634,"Mortlake, Woorndoo"
3273,-37.981249,142.660643,Hexham
3274,-37.960778,142.478612,Caramut
3275,-38.301794,142.457611,"Mailer Flat, Mailors Flat"
3276,-38.180923,142.409105,"Minjah, Woolsthorpe"
3277,-38.389835,142.660221,"Allansford, Mepunga, Mepunga East, Mepunga West, Naringal, Naringal East"
3278,-38.29668931,142.554533,"Purnim, Purnim West"
3279,-38.214555,142.657483,"Ballangeich, Wangoom"
3280,-38.37884,142.482889,"Dennington, Minjah, Warrnambool, Warrnambool East, Warrnambool West"
3281,-38.254454,142.630109,"Bushfield, Grassmere, Winslow, Woodford"
3282,-38.268176,142.351658,"Illowa, Koroit"
3283,-38.313434,142.328761,"Crossley, Killarney, Kirkstall, Southern Cross, Tarrone, Tower Hill, Warrong, Willatook, Yangery, Yarpturk"
3284,-38.270398,142.119266,"Orford, Port Fairy"
3285,-38.290199,142.058916,"Codrington, Narrawong, Rosebrook, St Helens, Toolong, Tyrendarra, Tyrendarra East, Yambuk"
3286,-38.036038,141.963223,"Condah Swamp, Knebsworth, Macarthur, Ripponhurst, Warrabkook"
3287,-38.059868,142.31953,"Hawkesdale, Minhamite"
3289,-37.893196,142.227754,"Gazette, Gerrigerrup, Penshurst, Purdeet, Tabor"
3292,-38.038873,141.051987,Nelson
3293,-37.655945,142.527253,"Glenthompson, Nareeb, Narrapumelap South"
3294,-37.573978,142.312764,"Dunkeld, Karabeal, Mirranatwa, Moutajup, Victoria Point, Victoria Valley, Woodhouse"
3300,-37.743155,142.013356,"Byaduk North, Hamilton"
3301,-38.118855,142.034141,"Bochara, Broadwater, Buckley Swamp, Byaduk, Croxton East, Hensley Park, Morgiana, Mount Napier, Strathkellar, Tahara, Tarrington, Wannon, Warrayure, Yatchaw, Yulecart"
3302,-37.847981,141.706379,"Branxholme, Grassdale"
3303,-37.980868,141.789606,"Breakaway Creek, Condah, Condah Swamp, Hotspur, Lake Condah, Wallacedale"
3304,-38.182084,141.952156,"Bessiebelle, Dartmoor, Drik Drik, Drumborg, Greenwald, Heywood, Homerton, Lyons, Milltown, Mumbannar, Myamyn, Winnap"
3305,-38.235475,141.437227,"Allestree, Bolwarra, Cape Bridgewater, Cashmore, Dutton Way, Gorae, Gorae West, Heathmere, Mount Richmond, Portland, Portland North, Portland West"
3309,-37.82644,141.511007,Digby
3310,-37.70789,141.549163,"Merino, Tahara West"
3311,-37.468159,141.229722,"Casterton, Corndale, Heath Field, Puralka"
3312,-37.6391,141.365747,"Bahgallah, Brimboal, Carapook, Chetwynd, Dergholm, Dorodong, Dunrobin, Henty, Killara, Lake Mundi, Lindsay, Muntham, Nangeela, Poolaijelo, Powers Creek, Sandford, Strathdownie, Wando Bridge, Wando Vale, Warrock"
3314,-37.586718,141.935665,"Bulart, Cavendish, Glenisla, Grampians, Mooralla, Woohlpooer"
3315,-37.408371,141.687516,"Brit Brit, Clover Flat, Coleraine, Coojar, Culla, Gringegalgona, Gritjurk, Hilgay, Konongwootong, Melville Forest, Muntham, Nareen, Parkwood, Paschendale, Tahara Bridge, Tarrayoukyan, Tarrenlea, Wootong Vale"
3317,-37.166673,141.451647,Harrow
3318,-37.025316,141.269571,"Charam, Connewirricoo, Edenhope, Jallakin, Kadnook, Langkoop, Meereek, Patyah, Ullswater"
3319,-36.873961,141.051389,"Apsley, Benayeo, Bringalbert"
3321,-38.087758,143.88056,"Hesse, Inverleigh, Wingeel"
3322,-38.021333,143.743305,Cressy
3323,-38.026314,143.520934,"Berrybank, Duverney, Foxhow"
3324,-37.941939,143.375414,"Lismore, Mingay, Mount Bute"
3325,-37.877452,143.185911,"Derrinallum, Larralea, Vite Vite, Vite Vite North"
3328,-38.018664,144.043058,Teesdale
3329,-37.983701,143.908716,"Barunah Park, Barunah Plains, Shelford"
3330,-37.918437,143.758576,Rokewood
3331,-38.049195,144.194625,"Bannockburn, Gheringhap, Maude, Russells Bridge, She Oaks, Steiglitz, Sutherlands Creek"
3332,-37.944446,144.097178,Lethbridge
3333,-37.87179,144.04476,"Bamganie, Meredith"
3334,-37.75803,144.086089,"Bungal, Cargerie, Elaine, Morrisons, Mount Doran"
3335,-37.724141,144.699671,"Bonnie Brook, Grangefields, Plumpton, Rockbank, Thornhill Park"
3336,-37.7332,144.7041,"Aintree, Deanside, Fraser Rise"
3337,-37.656057,144.571458,"Harkness, Kurunjang, Melton, Melton West, Toolern Vale"
3338,-37.705529,144.571033,"Brookfield, Cobblebank, Exford, Eynesbury, Melton South, Strathtulloh, Weir Views"
3340,-37.787135,144.394442,"Bacchus Marsh, Balliang, Balliang East, Coimadai, Darley, Glenmore, Hopetoun Park, Long Forest, Maddingley, Merrimu, Parwan, Rowsley, Staughton Vale"
3341,-37.573711,144.308232,"Dales Creek, Greendale, Korobeit, Myrniong, Pentland Hills"
3342,-37.651463,144.239102,"Ballan, Beremboke, Blakeville, Bunding, Colbrook, Durdidwarrah, Fiskville, Ingliston, Mount Wallace"
3345,-37.5878,144.123664,Gordon
3350,-37.571941,143.864505,"Alfredton, Bakery Hill, Ballarat, Ballarat Central, Ballarat East, Ballarat North, Ballarat West, Black Hill, Brown Hill, Canadian, Eureka, Golden Point, Invermay Park, Lake Wendouree, Lucas, Mount Clear, Mount Helen, Mount Pleasant, Nerrina, Newington, Redan, Soldiers Hill, Sovereign Hill"
3351,-37.758248,143.637463,"Berringa, Bo Peep, Cape Clear, Carngham, Chepstowe, Haddon, Happy Valley, Hillcrest, Illabarook, Lake Bolac, Mininera, Mortchup, Mount Emu, Nerrin Nerrin, Newtown, Nintingbool, Piggoreet, Pitfield, Rokewood Junction, Ross Creek, Scarsdale, Smythes Creek, Smythesdale, Snake Valley, Springdallah, Staffordshire Reef, Streatham, Wallinduc, Westmere"
3352,-37.482132,143.662387,"Addington, Ballarat Roadside Delivery, Barkstead, Blowhard, Bolwarrah, Bonshaw, Brewster, Bullarook, Bungaree, Bunkers Hill, Burrumbeet, Cambrian Hill, Cardigan, Cardigan Village, Chapel Flat, Clarendon, Claretown, Clarkes Hill, Corindhap, Dean, Dereel, Dunnstown, Durham Lead, Enfield, Ercildoune, Garibaldi, Glen Park, Glenbrae, Gong Gong, Grenville, Invermay, Lal Lal, Lamplough, Langi Kal Kal, Learmonth, Leigh Creek, Lexton, Magpie, Millbrook, Miners Rest, Mitchell Park, Mollongghip, Mount Bolton, Mount Egerton, Mount Mercer, Mount Mitchell, Mount Rowan, Napoleons, Navigators, Pootilla, Scotchmans Lead, Scotsburn, Springbank, Sulky, Wallace, Warrenheip, Wattle Flat, Waubra, Weatherboard, Werneth, Windermere, Yendon"
3353,-37.7778,144.835743,Ballarat
3354,-37.560917,143.867158,"Bakery Hill, Ballarat Mc"
3355,-37.530285,143.82561,"Lake Gardens, Mitchell Park, Wendouree, Wendouree Village"
3356,-37.592283,143.82846,"Bonshaw, Delacombe, Sebastopol"
3357,-37.653945,143.883416,"Buninyong, Scotsmans Lead, Yarrowee"
3358,-37.58012926,143.7928013,Winter Valley
3360,-37.779677,143.51253,"Happy Valley, Linton, Mannibadar, Pittong, Willowvale"
3361,-37.752643,143.373089,"Bradvale, Carranballac, Skipton"
3363,-37.420588,143.88637,"Creswick, Creswick North, Dean, Glendaruel, Langdons Hill, Mount Beckworth, Tourello"
3364,-37.334655,143.907186,"Allendale, Ascot, Bald Hills, Barkstead, Blampied, Broomfield, Cabbage Tree, Campbelltown, Coghills Creek, Glendonald, Glendonnell, Joyces Creek, Kingston, Kooroocheang, Lawrence, Mount Prospect, Newlyn, Newlyn North, Rocklyn, Smeaton, Smokey Town, Smokeytown, Springmount, Strathlea, Ullina, Werona"
3370,-37.252718,143.815613,"Clunes, Glengower, Mount Cameron, Ullina"
3371,-37.196938,143.635622,"Amherst, Burnbank, Caralulup, Dunach, Evansford, Lillicur, Mount Glasgow, Red Lion, Stony Creek, Talbot"
3373,-37.457785,143.343429,"Beaufort, Chute, Cross Roads, Lake Goldsmith, Lake Wongan, Main Lead, Mena Park, Nerring, Raglan, Shirley, Stockyard Hill, Stoneleigh, Trawalla, Waterloo"
3374,-37.231524,142.956916,Great Western
3375,-37.424288,143.143621,"Ballyrogan, Bayindeen, Buangor, Middle Creek"
3377,-37.231524,142.956916,"Amphitheatre, Ararat, Ararat East, Armstrong, Ben Nevis, Bulgana, Cathcart, Crowlands, Denicull Creek, Dobie, Dunneworthy, Eversley, Great Western, Jallukur, Langi Logan, Maroona, Mount Cole, Mount Cole Creek, Mount Lonarch, Moyston, Norval, Rhymney, Rocky Point, Rossbridge, Shays Flat, Warrak"
3378,-37.528792,142.985403,"Tatyoon, Yalla-Y-Poora"
3379,-37.534037,142.521439,"Berrambool, Bornes Hill, Chatsworth, Mafeking, Stavely, Watgania, Wickliffe, Willaura, Willaura North"
3380,-37.0666,142.771159,"Bellellen, Bridge Inn, Mokepilly, Stawell, Stawell West, Winjallok"
3381,-36.988914,142.7154,"Barkly, Bellellen, Bellfield, Black Range, Bolangum, Callawadda, Campbells Bridge, Concongella, Deep Lead, Fyans Creek, Germania, Greens Creek, Halls Gap, Illawarra, Joel Joel, Joel South, Kanya, Lake Fyans, Lake Lonsdale, Lubeck, Mokepilly, Morrl Morrl, Mount Dryden, Paradise, Pomonal, Rostron, Wal Wal, Wallaloo, Wallaloo East"
3384,-37.000261,143.126344,"Barkly, Concongella, Frenchmans, Joel Joel, Joel South, Landsborough, Landsborough West, Navarre, Shays Flat, Tulkara, Wattle Creek"
3385,-36.904185,142.647565,"Dadswells Bridge, Deep Lead, Glenorchy, Ledcourt, Lubeck, Riachella, Roses Gap, Wal Wal"
3387,-36.97659863,142.7584938,"Bolangum, Callawadda, Campbells Bridge, Germania, Greens Creek, Kanya, Marnoo, Marnoo West, Morrl Morrl, Wallaloo, Wallaloo East"
3388,-36.597861,142.693946,"Banyena, Rupanyup"
3390,-36.583744,142.487468,"Kewell, Murtoa"
3391,-36.092132,142.446015,Brim
3392,-36.430131,142.677858,"Boolite, Minyip, Sheep Hills"
3393,-36.257725,142.387341,"Ailsa, Angip, Aubrey, Bangerang, Cannum, Crymelon, Kellalac, Lah, Warracknabeal, Wilkur, Willenabrina"
3395,-35.918885,142.441984,"Beulah, Kenmare, Reedy Dam, Rosebery"
3396,-35.7157,142.329159,"Hopetoun, Hopevale, Yarto"
3399,-36.608521,142.357023,"Jung, Longerenong"
3400,-36.725245,142.203729,"Brimpaen, Horsham, Horsham West, St Helens Plains, Wartook, Wonwondah East, Wonwondah South"
3401,-36.881534,141.940832,"Blackheath, Brimpaen, Bungalally, Cherrypool, Clear Lake, Connangorach, Dahlen, Dooen, Douglas, Drung, Green Lake, Gymbowen, Haven, Horsham, Jallumba, Jilpanger, Jung, Kalkee, Kanagulk, Karnak, Laharum, Longerenong, Lower Norton, Mckenzie Creek, Miga Lake, Mitre, Mockinya, Murra Warra, Noradjuha, Nurcoung, Nurrabiel, Pimpinio, Quantong, Remlaw, Riverside, Rocklands, St Helens Plains, Telangatuk East, Tooan, Toolondo, Vectis, Wail, Wallup, Wartook, Wombelano, Wonwondah, Zumsteins"
3402,-37.164183,142.666302,Horsham
3407,-37.298061,141.948371,"Balmoral, Englefield, Gatum, Pigeon Ponds, Vasey"
3409,-36.667303,141.89695,"Arapiles, Clear Lake, Douglas, Duchembegarra, Grass Flat, Jilpanger, Miga Lake, Mitre, Natimuk, Noradjuha, Tooan, Wombelano"
3412,-36.658804,141.366071,Goroke
3413,-36.699331,141.201068,"Minimay, Neuarpurr, Ozenkadnook, Peronne"
3414,-36.388628,142.093883,"Antwerp, Dimboola, Tarranyurk"
3415,-36.352459,141.339702,"Miram, Yarrunga"
3418,-36.074144,141.538074,"Broughton, Gerang Gerung, Glenlee, Kiata, Lawloit, Little Desert, Lorquon, Netherby, Nhill, Yanac"
3419,-36.226015,141.101929,Kaniva
3420,-36.41273,141.017332,"Lillimur, Serviceton, Telopea Downs"
3423,-36.13191,141.940764,"Jeparit, Lake Hindmarsh"
3424,-35.727789,141.930872,"Albacutya, Rainbow, Yaapeet"
3427,-37.643461,144.707974,"Diggers Rest, Plumpton"
3428,-37.591069,144.811494,Bulla
3429,-37.56762,144.728973,"Sunbury, Wildwood"
3430,-37.494056,144.806632,Clarkefield
3431,-37.474551,144.69202,Riddells Creek
3432,-37.448455,144.792581,Bolinda
3433,-37.413302,144.752095,Monegeetta
3434,-37.35388,144.750796,"Cherokee, Kerrie, Romsey, Springfield"
3435,-37.179453,144.743358,"Benloch, Goldie, Lancefield, Nulla Vale"
3437,-37.501619,144.513018,"Bullengarook, Gisborne, Gisborne South"
3438,-37.457528,144.602032,New Gisborne
3440,-37.413377,144.546151,Macedon
3441,-37.399224,144.603892,Mount Macedon
3442,-37.330661,144.548846,"Ashbourne, Cadello, Carlsruhe, Cobaw, Hanging Rock, Hesket, Newham, Rochford, Woodend, Woodend North"
3444,-37.171788,144.544716,"Barfold, Baynton, Baynton East, Edgecombe, Glenhope, Greenhill, Kyneton, Kyneton South, Langley, Lauriston, Lyal, Metcalfe East, Mia Mia, Myrtle Creek, Pastoria, Pastoria East, Pipers Creek, Redesdale, Sidonia, Spring Hill, Tylden, Tylden South"
3446,-37.184831,144.374338,"Drummond North, Malmsbury"
3447,-37.157744,144.322487,Taradale
3448,-37.075364,144.387629,"Elphinstone, Metcalfe, Sutton Grange"
3450,-37.061635,144.214903,"Castlemaine, Moonlight Flat"
3451,-37.125338,144.21419,"Barkers Creek, Campbells Creek, Chewton, Chewton Bushlands, Faraday, Fryerstown, Glenluce, Golden Point, Gower, Guildford, Irishtown, Mckenzie Hill, Muckleford, Tarilta, Vaughan, Woodbrook, Yapeen"
3453,-36.950365,144.281488,"Harcourt, Harcourt North, Ravenswood, Ravenswood South"
3458,-37.424116,144.33471,"Barrys Reef, Blackwood, Fern Hill, Lerderderg, Little Hampton, Newbury, North Blackwood, Trentham, Trentham East"
3460,-37.351704,144.144216,"Basalt, Daylesford"
3461,-37.287848,144.170995,"Bullarto, Bullarto South, Clydesdale, Coomoora, Denver, Drummond, Dry Diggings, Eganstown, Elevated Plains, Franklinford, Glenlyon, Hepburn, Hepburn Springs, Korweinguboora, Leonards Hill, Lyonville, Mount Franklin, Musk, Musk Vale, Porcupine Ridge, Sailors Falls, Sailors Hill, Shepherds Flat, Spargo Creek, Strangways, Wheatsheaf, Yandoit, Yandoit Hills"
3462,-37.083561,144.053611,"Green Gully, Joyces Creek, Muckleford South, Newstead, Sandon, Welshmans Reef"
3463,-36.957983,144.05651,"Baringhup, Baringhup West, Bradford, Eastville, Gower, Laanecoorie, Maldon, Neereman, Nuggetty, Perkins Reef, Porcupine Flat, Shelbourne, Tarrengower, Walmer, Woodstock West"
3464,-37.019811,143.841414,Carisbrook
3465,-37.021478,143.611335,"Adelaide Lead, Alma, Bowenvale, Bung Bong, Cotswold, Craigie, Daisy Hill, Flagstaff, Golden Point, Havelock, Homebush, Majorca, Maryborough, Moolort, Moonlight Flat, Natte Yallock, Rathscar, Rathscar West, Rodborough, Simson, Timor, Timor West, Wareek"
3467,-37.105993,143.412675,"Avoca, Moyreisk"
3468,-37.261481,143.379493,"Amphitheatre, Mount Lonarch"
3469,-37.172964,143.280627,"Elmhurst, Glenlofty, Glenlogie, Glenpatrick, Nowhere Creek"
3472,-36.864952,143.657638,"Bet Bet, Betley, Bromley, Dunluce, Dunolly, Eddington, Goldsborough, Inkerman, Mcintyre, Moliagul, Mount Hooghly"
3475,-36.70633,143.51213,"Archdale, Archdale Junction, Bealiba, Burkes Flat, Cochranes Creek, Emu, Logan"
3477,-36.688551,143.230699,"Avon Plains, Beazleys Bridge, Carapooee, Carapooee West, Coonooer Bridge, Coonooer West, Dalyenong, Gooroc, Gowar East, Grays Bridge, Gre Gre, Gre Gre North, Gre Gre South, Kooreh, Marnoo East, Moolerr, Moyreisk, Paradise, Redbank, Rostron, Slaty Creek, St Arnaud East, St Arnaud North, Stuart Mill, Sutherland, Swanwater, Tottington, Traynors Lagoon, Winjallok, York Plains"
3478,-36.688551,143.230699,"Avon Plains, Beazleys Bridge, Berrimal West, Carapooee, Carapooee West, Coonooer Bridge, Coonooer West, Darkbonee, Dooboobetic, Elberton, Gooroc, Gowar East, Gre Gre, Gre Gre North, Gre Gre South, Kooreh, Medlyn, Mitchells Hill, Moolerr, Moonambel, Percydale, Slaty Creek, St Arnaud, St Arnaud East, St Arnaud North, Stuart Mill, Sutherland, Swanwater, Tanwood, Tottington, Traynors Lagoon, Tulkara, Warrenmang, Yawong Hills"
3480,-36.31227,142.968057,"Areegra, Banyenong, Boolite, Carron, Cope Cope, Corack, Corack East, Donald, Gil Gil, Jeffcott, Jeffcott North, Laen, Laen East, Laen North, Lake Buloke, Lawler, Litchfield, Rich Avon, Rich Avon East, Rich Avon West, Swanwater West"
3482,-36.17028,142.766588,"Massey, Morton Plains, Warmur, Watchem, Watchem West"
3483,-35.901765,142.890804,"Ballapur, Birchip, Birchip West, Curyo, Jil Jil, Karyrie, Kinnabulla, Marlbed, Narraport, Reedy Dam, Whirily"
3485,-35.711533,142.671962,"Banyan, Watchupga, Willangie, Woomelang"
3487,-35.515627,142.616079,Lascelles
3488,-35.435634,142.427118,"Speed, Turriff, Turriff East"
3489,-35.332477,142.425302,Tempy
3490,-34.911674,142.206711,"Big Desert, Boinka, Kulwin, Mittyack, Murray-Sunset, Ouyen, Torrita, Tutye"
3491,-35.434099,142.218273,Patchewollock
3494,-34.486406,142.348315,"Carwarp, Colignan, Iraak, Nangiloc"
3496,-34.389148,141.334798,"Cardross, Cullulleraine, Lindsay Point, Meringur, Merrinee, Murray Lock No 9, Neds Corner, Red Cliffs, Sunnycliffs, Werrimull"
3498,-34.238385,142.172516,Irymple
3500,-34.1931,142.154161,"Mildura, Mildura East, Mildura West"
3501,-34.243279,142.100896,"Hattah, Koorlong, Mildura Centre Plaza, Mildura South, Nichols Point"
3502,-37.972887,145.25835,Mildura
3505,-34.180532,142.004192,"Birdwoodton, Cabarita, Merbein, Merbein South, Merbein West, Wargan, Yelta"
3506,-35.204199,141.385876,Cowangie
3507,-35.120596,142.035659,Walpeup
3509,-35.155031,141.680385,"Linga, Underbool"
3512,-35.39199,141.121226,"Carina, Murrayville, Panitya"
3515,-36.729444,144.062915,"Marong, Shelbourne, Wilsons Hill"
3516,-36.607616,144.041722,"Bridgewater, Bridgewater North, Bridgewater On Loddon, Derby, Leichardt, Yarraberb"
3517,-36.483116,143.886832,"Bears Lagoon, Brenanah, Bullabul, Glenalbyn, Inglewood, Jarklin, Kingower, Kurting, Powlett Plains, Rheola, Salisbury West, Serpentine"
3518,-36.474937,143.586215,"Berrimal, Borung, Fentons Creek, Fernihurst, Fiery Flat, Kurraca, Kurraca West, Mysia, Nine Mile, Richmond Plains, Skinners Flat, Wedderburn, Wedderburn Junction, Wehla, Woolshed Flat, Woosang"
3520,-36.405771,143.810786,"Kinypanial, Korong Vale, South Kinypanial"
3521,-37.090071,144.912693,Pyalong
3522,-37.050037,144.747197,"Emu Flat, Glenhope East, Tooborac"
3523,-36.837461,144.768359,"Argyle, Costerfield, Derrinal, Heathcote, Heathcote South, Knowsley, Ladys Pass, Moormbool West, Mount Camel, Redcastle"
3525,-36.2835,143.364316,"Barrakee, Buckrabanyule, Charlton, Chirrip, Granite Flat, Jeffcott, Jeffcott North, Lake Marmal, Nareewillock, Teddywaddy, Teddywaddy West, Terrappee, Wooroonook, Wychitella, Wychitella North, Yeungroon, Yeungroon East"
3527,-36.07096,143.241334,"Bunguluke, Dumosa, Glenloth, Glenloth East, Jeruk, Ninyeunook, Teddywaddy, Teddywaddy West, Thalia, Towaninny, Towaninny South, Wycheproof, Wycheproof South"
3529,-35.824259,143.232677,"Kalpienung, Nullawil"
3530,-35.701439,143.152747,"Culgoa, Sutton, Wangie, Warne"
3531,-35.616408,142.943814,"Berriwillock, Boigbeat, Springfield"
3533,-35.384557,142.839304,"Bimbourie, Lake Tyrrell, Mittyack, Myall, Nandaly, Ninda, Nyarrin, Pier Milan, Sea Lake, Straten, Tyenna, Tyrrell, Tyrrell Downs"
3537,-36.079335,143.744455,"Barraport, Barraport West, Boort, Canary Island, Catumnal, Gredgwin, Leaghur, Minmindie, Yando"
3540,-35.89277,143.45008,"Cannie, Ninyeunook, Oakvale, Quambatook"
3542,-35.700788,143.406398,"Cokum, Lalbert, Tittybong, Titybong"
3544,-35.487989,143.14445,"Chinangin, Gowanford, Murnungin, Springfield, Ultima, Ultima East, Waitchie"
3546,-35.060163,142.850456,"Bolton, Chinkapook, Cocamba, Gerahmin, Manangatang, Turoar, Winnambool"
3549,-34.766049,142.820973,"Annuello, Bannerton, Happy Valley, Liparoo, Robinvale, Robinvale Irrigation District Section B, Robinvale Irrigation District Section C, Robinvale Irrigation District Section D, Robinvale Irrigation District Section E, Tol Tol, Wandown, Wemen"
3550,-36.764269,144.285267,"Bendigo, Bendigo South, Diamond Hill, East Bendigo, Flora Hill, Ironbark, Kennington, Long Gully, North Bendigo, Quarry Hill, Sandhurst East, Spring Gully, Strathdale, Tysons Reef, West Bendigo, White Hills"
3551,-36.78137,144.457937,"Arnold, Arnold West, Ascot, Axe Creek, Axedale, Bagshot, Bagshot North, Bendigo Forward, Cornella, Creek View, Emu Creek, Eppalock, Epsom, Huntly, Huntly North, Junortoun, Kimbolton, Lake Eppalock, Llanelly, Lockwood, Lockwood South, Longlea, Maiden Gully, Mandurang, Mandurang South, Minto, Mosquito Creek, Murphys Creek, Myola, Myola East, Myrtle Creek, Newbridge, Painswick, Pilchers Bridge, Sedgwick, Strathfieldsaye, Tarnagulla, Toolleen, Waanyarra, Wellsford, Woodstock On Loddon"
3552,-36.764269,144.2786,Bendigo
3554,-36.757,144.279,Bendigo Dc
3555,-36.777226,144.245239,"Big Hill, Golden Gully, Golden Square, Kangaroo Flat, Lansell Plaza, Specimen Hill"
3556,-36.656422,144.178282,"California Gully, Campbells Forest, Comet Hill, Eaglehawk, Eaglehawk North, Jackass Flat, Myers Flat, Sailors Gully, Sebastian, Whipstick, Woodvale"
3557,-36.63511,144.576787,"Barnadown, Fosterville, Goornong, Muskerry, Muskerry East"
3558,-36.51553,144.638363,"Burnewang, Corop West, Creek View, Elmore, Hunter, Runnymede"
3559,-36.570077,144.805307,"Avonmore, Burramboot, Colbinabbin, Corop, Gobarup, Lyndale, Mayreef, Runnymede"
3561,-36.321109,144.709543,"Ballendella, Bamawm, Bamawm Extension, Bonn, Diggora, Diggora West, Fairy Dell, Nanneella, Rochester, Rochester West, The Settlement, Timmering"
3562,-36.062544,144.46276,Torrumbarry
3563,-36.256251,144.515589,Lockington
3564,-36.168997,144.728806,"Bamawm Extension, Campaspe West, Echuca, Echuca East, Echuca South, Echuca Village, Echuca West, Kanyapella, Mcevoys, Patho, Patho West, Roslynmead, Simmie, Wharparilla"
3565,-36.182336,144.511713,Kotta
3566,-35.945748,144.383334,Gunbower
3567,-35.931669,144.262942,"Horfield, Leitchville"
3568,-35.809462,144.184089,"Burkes Bridge, Cohuna, Cullen, Daltons Bridge, Gannawarra, Keely, Macorna North, Mcmillans, Mead, Mincha West, Wee Wee Rup"
3570,-36.515303,144.28053,"Auchmore, Drummartin, Kamarooka, Neilborough, Raywood, Summerfield"
3571,-36.36819,144.206865,"Dingee, Kamarooka North, Pompapiel, Tandarra, Yallook"
3572,-36.266642,144.257135,"Milloo, Piavella, Prairie, Tennyson"
3573,-36.164865,144.297958,"Calivil, Mitiamo, Pine Grove, Pine Grove East, Terrick Terrick East"
3575,-36.055725,144.159028,"Bald Rock, Gladfield, Jungaburra, Loddon Vale, Mincha, Mologa, Pyramid Hill, Sylvaterre, Terrick Terrick, Yarrawalla"
3576,-36.128029,143.917515,Durham Ox
3579,-35.767974,143.769445,"Appin, Appin South, Bael Bael, Beauchamp, Benjeroop, Budgerum East, Capels Crossing, Dingwall, East Yeoburn, Fairley, Gonn Crossing, Kerang, Kerang East, Koroop, Lake Meran, Macorna, Meering West, Milnes Bridge, Murrabit, Murrabit West, Myall, Mystic Park, Normanville, Pine View, Reedy Lake, Sandhill Lake, Teal Point, Tragowel, Wandella, Westby"
3580,-35.639761,144.094672,Koondrook
3581,-35.628333,143.78521,"Beauchamp, Lake Charm"
3583,-35.509635,143.66458,Tresco
3584,-35.431026,143.637617,"Lake Boga, Tresco West"
3585,-35.348388,143.336906,"Castle Donnington, Chillingollah, Fish Point, Goschen, Kunat, Meatian, Nowie, Nyrraby, Pira, Polisbet, Speewa, Swan Hill, Swan Hill Pioneer, Swan Hill West, Winlaton"
3586,-35.114021,143.792594,"Bulga, Murrawee, Murraydale, Pental Island, Tyntynder, Tyntynder South, Ultima East"
3588,-35.29429,143.470325,Woorinen South
3589,-35.228436,143.441248,"Woorinen, Woorinen North"
3590,-35.235708,143.493525,Beverford
3591,-35.202209,143.394092,Vinifera
3594,-35.138155,143.346028,Nyah
3595,-35.202752,143.351682,Nyah West
3596,-35.123806,143.327682,"Miralie, Towan, Wood Wood"
3597,-34.965359,143.189786,"Kenley, Kooloonong, Lake Powell, Narrung, Natya, Piangil"
3599,-34.729742,143.143231,Boundary Bend
3607,-36.839707,145.179762,Tabilk
3608,-36.740713,145.095753,"Bailieston, Goulburn Weir, Graytown, Kirwans Bridge, Mitchellstown, Nagambie, Wahring, Wirrate"
3610,-36.577628,145.229349,"Dhurringile, Moorilim, Murchison, Murchison East, Murchison North"
3612,-36.575936,145.019312,"Moora, Rushworth, Wanalta, Waranga, Waranga Shores, Whroo"
3614,-36.48360219,145.2688853,"Toolamba, Toolamba West"
3616,-36.464118,145.145217,"Cooma, Gillieston, Girgarre East, Harston, Mooroopna North West, Tatura, Tatura East, Toolamba West, Waranga"
3617,-36.423823,145.178369,Byrneside
3618,-36.37708,145.125014,Merrigum
3619,-37.659566,144.936295,Kyabram
3620,-36.284584,145.082735,"Kyabram, Kyabram South, Lancaster, Mount Scobie, St Germains, Taripta, Wyuna, Wyuna East"
3621,-36.206055,144.961183,"Koyuga South, Ky Valley, Ky West, Kyvalley, Tongala, Yambuna"
3622,-36.231961,144.87573,"Cornelia Creek, Koyuga, Strathallan"
3623,-36.461381,144.976813,"Carag Carag, Stanhope, Stanhope South"
3624,-36.410186,144.965763,Girgarre
3629,-36.287306,145.260653,"Ardmona, Coomboona, Mooroopna, Mooroopna North, Undera"
3630,-36.380853,145.403176,"Benarch, Branditt, Caniambo, Colliver, Dunkirk, Shepparton, Shepparton South"
3631,-36.428694,145.526693,"Arcadia, Arcadia South, Branditt, Cosgrove, Cosgrove South, Grahamvale, Karramomus, Kialla, Kialla East, Kialla West, Lemnos, Orrvale, Pine Lodge, Shepparton East, Shepparton North, Tamleugh West"
3632,-36.544462,145.603242,Shepparton
3633,-36.307936,145.46296,Congupna
3634,-36.224186,145.440315,"Bunbartha, Invergordon South, Katandra, Katandra West, Marionvale, Marungi, Tallygaroopna, Zeerust"
3635,-36.142596,145.30827,"Kaarimba, Mundoona, Wunghnu"
3636,-36.093878,145.479471,"Drumanure, Invergordon, Naring, Numurkah"
3637,-36.050686,145.329026,"Waaia, Yalca"
3638,-36.03202,145.246572,"Kotupna, Nathalia, Yielima"
3639,-36.021295,145.047253,"Barmah, Lower Moira, Picola, Picola West"
3640,-36.00978,145.486015,Katunga
3641,-35.89718,145.428306,"Bearii, Mywee, Strathmerton, Ulupna"
3643,-35.955363,145.631874,Cobram
3644,-35.945353,145.632682,"Cobram, Cobram East, Koonoomoo, Muckatah, Yarroweyah"
3646,-36.247446,145.704042,"Dookie, Mount Major, Nalinga, Waggarandall, Wattville, Yabba North, Yabba South, Youanmite"
3647,-36.385331,145.704473,Dookie College
3649,-36.082665,145.688671,"Katamatite, Katamatite East"
3658,-37.241401,145.111854,"Broadford, Clonbinane, Flowerdale, Hazeldene, Reedy Creek, Strath Creek, Sugarloaf Creek, Sunday Creek, Tyaak, Waterford Park"
3659,-37.110344,145.07088,"Sugarloaf Creek, Tallarook"
3660,-37.035925,145.257867,"Caveat, Dropmore, Dysart, Highlands, Hilldene, Kerrisdale, Kobyboyn, Northwood, Seymour, Seymour South, Trawool, Whiteheads Creek"
3661,-38.195993,146.535346,Seymour
3662,-36.939204,144.960214,"Puckapunyal, Puckapunyal Milpo"
3663,-36.910878,145.158863,Mangalore
3664,-36.927251,145.298203,"Avenel, Upton Hill"
3665,-36.844091,145.357627,"Locksley, Longwood, Pranjip"
3666,-36.786777,145.565512,"Balmattum, Creighton, Creightons Creek, Euroa, Gooram, Kelvin View, Kithbrook, Longwood East, Miepoll, Moglonemby, Molka, Pranjip, Riggs Creek, Ruffy, Sheans Creek, Strathbogie, Tarcombe"
3669,-36.625333,145.708668,"Boho, Boho South, Creek Junction, Earlston, Gowangardie, Koonda, Marraweeney, Tamleugh, Tamleugh North, Upotipotpon, Violet Town"
3670,-36.623748,145.852449,"Baddaginnie, Tarnook, Warrenbayne"
3671,-36.385144,145.420691,Benalla
3672,-36.554936,145.977761,"Benalla, Benalla West"
3673,-36.669929,146.062514,"Benalla, Broken Creek, Goomalibee, Kilfeera, Lake Mokoan, Lima, Lima East, Lima South, Lurg, Molyullah, Moorngag, Samaria, Swanpool, Tatong, Upotipotpon, Upper Lurg, Upper Ryans Creek, Winton, Winton North"
3675,-36.565078,146.266835,"Boweya, Boweya North, Glenrowan, Glenrowan West, Greta, Greta South, Greta West, Hansonville, Mount Bruno, Taminick"
3676,-36.341245,146.338612,Wangaratta
3677,-36.358017,146.330564,"Appin Park, Wangaratta, Wangaratta West, Yarrunga"
3678,-36.68892,146.482439,"Bobinawarrah, Boorhaman, Boorhaman East, Bowser, Byawatha, Carboor, Cheshunt, Cheshunt South, Docker, Dockers Plains, East Wangaratta, Edi, Edi Upper, Everton, Everton Upper, Killawarra, King Valley, Laceby, Londrigan, Markwood, Meadow Creek, Milawa, North Wangaratta, Oxley, Oxley Flats, Peechelba, Peechelba East, Rose River, Tarrawingee, Wabonga, Waldara, Wangandary, Wangaratta Forward, Wangaratta South, Whitlands"
3682,-36.174271,146.428656,"Boralma, Lilliput, Norong, Springhurst"
3683,-36.180787,146.604622,"Chiltern, Chiltern Valley, Cornishtown, Indigo"
3685,-36.056449,146.470638,"Boorhaman North, Brimin, Browns Plains, Carlyle, Dugays Bridge, Gooramadda, Great Southern, Lake Moodemere, Norong Central, Prentice North, Rutherglen"
3687,-36.018771,146.415927,"Carlyle, Wahgunyah"
3688,-36.119195,146.717193,"Barnawartha, Barnawartha North, Indigo Upper, Indigo Valley"
3689,-37.67576,144.989793,Wodonga
3690,-36.135717,146.864361,"West Wodonga, Wodonga, Wodonga Plaza"
3691,-36.027154,147.880991,"Allans Flat, Bandiana, Baranduda, Barnawartha North, Bellbridge, Berringama, Bethanga, Bonegilla, Bungil, Castle Creek, Coral Bank, Dederang, Ebden, Gateway Island, Glen Creek, Gundowring, Hume Weir, Huon Creek, Kancoona, Kancoona South, Kergunyah, Kergunyah South, Kiewa, Killara, Leneva, Lone Pine, Lucyvale, Mongans Bridge, Mount Alfred, Osbornes Flat, Running Creek, Staghorn Flat, Talgarno, Tangambalanga, Thologolong, Upper Gundowring, Wodonga Forward"
3694,-36.150678,146.919493,"Bandiana, Bandiana Milpo"
3695,-36.304285,147.123674,"Charleroi, Huon, Red Bluff, Sandy Creek"
3697,-36.68753,147.17925,Tawonga
3698,-36.722034,147.149468,Tawonga South
3699,-36.844307,147.299257,"Bogong, Falls Creek, Mount Beauty, Nelse"
3700,-36.335898,147.35527,"Bullioh, Georges Creek, Jarvis Creek, Tallangatta, Tallangatta East"
3701,-36.638769,147.476819,"Dartmouth, Eskdale, Fernvale, Granite Flat, Granya, Mitta Mitta, Old Tallangatta, Shelley, Tallandoon, Tallangatta South, Tallangatta Valley"
3704,-36.132613,147.49344,Koetong
3705,-36.322884,147.769911,"Cudgewa, Nariel Valley"
3707,-36.586316,148.037958,"Biggara, Colac Colac, Corryong, Deep Creek Nsw 2460 Corryong, Nariel Valley, Thowgla Valley, Tom Groggin, Towong, Towong Upper"
3708,-36.070928,147.942058,Tintaldra
3709,-36.035908,147.667373,"Burrowye, Guys Forest, Mount Alfred, Pine Mountain, Walwa"
3711,-37.41047,145.682161,Buxton
3712,-37.3209,145.839057,"Rubicon, Thornton"
3713,-37.241527,145.90623,"Eildon, Lake Eildon, Taylor Bay"
3714,-37.210538,145.687889,"Acheron, Alexandra, Cathkin, Crystal Creek, Devils River, Fawcett, Koriella, Maintongoon, Taggerty, Whanregarwen"
3715,-36.985747,145.739419,"Ancona, Merton, Woodfield"
3717,-37.286611,145.435776,"Flowerdale, Ghin Ghin, Glenburn, Homewood, Killingworth, Limestone, Murrindindi, Yea"
3718,-37.144067,145.54096,Molesworth
3719,-37.041215,145.608491,"Gobur, Kanumbra, Terip Terip, Yarck"
3720,-37.017241,145.850304,Bonnie Doon
3722,-37.202634,146.253268,"Barwite, Mansfield, Mirimbah"
3723,-36.894465,146.256507,"Archerton, Barjarg, Boorolite, Bridge Creek, Delatite, Enochs Point, Gaffneys Creek, Goughs Bay, Howes Creek, Howqua, Howqua Hills, Howqua Inlet, Jamieson, Kevington, Knockwood, Macs Cove, Maindample, Matlock, Merrijig, Mount Buller, Mountain Bay, Nillahcootie, Piries, Sawmill Settlement, Tolmie, Woods Point"
3724,-37.053108,146.076832,Mansfield
3725,-36.414359,145.937326,"Boxwood, Chesney Vale, Goorambat, Major Plains, Stewarton"
3726,-36.332254,145.960209,"Bungeet, Bungeet West, Devenish, Thoona"
3727,-36.242443,145.957776,"Almonds, Lake Rowan, Pelluebla, St James, Waggarandall, Yundool"
3728,-36.148922,145.959015,"Boomahnoomoonah, Tungamah, Wilby, Youarang"
3730,-36.051782,145.974755,"Bathumi, Boosey, Bundalong, Bundalong South, Burramine, Burramine South, Esmond, Telford, Yarrawonga, Yarrawonga South"
3732,-36.686814,146.313751,"Moyhu, Myrrhee"
3733,-36.812087,146.316338,Whitfield
3735,-36.515712,146.603574,"Bowmans Forest, Whorouly, Whorouly East, Whorouly South"
3736,-36.455136,146.479489,Myrtleford
3737,-36.554037,146.82759,"Abbeyard, Barwidgee, Buffalo River, Dandongadale, Gapsted, Havilah, Havillah, Merriang, Merriang South, Mudgegonga, Myrtleford, Nug Nug, Rosewhite, Selwyn, Wonnangatta"
3738,-36.587922,146.75397,Ovens
3739,-36.641016,146.864194,Eurobin
3740,-36.731686,146.834561,"Buckland, Mount Buffalo, Porepunkah"
3741,-36.962316,147.063163,"Bright, Freeburgh, Germantown, Harrietville, Hotham Heights, Mount Hotham, Smoko"
3744,-36.788479,146.95979,Wandiligong
3746,-36.31396,146.51767,Eldorado
3747,-36.361056,146.725705,"Baarmutha, Beechworth, Hurdle Flat, Murmungee, Silver Creek, Stanley, Woolshed, Wooragee"
3749,-36.42031113,146.8638108,"Bruarong, Yackandandah"
3750,-37.596078,145.005578,Wollert
3751,-37.554655,145.052904,Woodstock
3752,-37.619102,145.074353,"Morang South, South Morang"
3753,-37.476474,144.959512,Beveridge
3754,-37.593554,145.112985,"Doreen, Mernda"
3755,-37.563905,145.142035,Yan Yean
3756,-37.41233,144.956641,"Chintin, Darraweit Guim, Hidden Valley, Upper Plenty, Wallan, Wallan East"
3757,-37.469784,145.182221,"Bruces Creek, Eden Park, Humevale, Kinglake Central, Kinglake West, Pheasant Creek, Whittlesea"
3758,-37.354647,145.052552,"Heathcote Junction, Wandong"
3759,-37.650385,145.247277,Panton Hill
3760,-37.6269998,145.288344,Smiths Gully
3761,-37.585625,145.292381,St Andrews
3762,-37.354143,144.936707,Bylands
3763,-37.521863,145.353378,"Kinglake, Mount Slide"
3764,-37.263736,144.900644,"Forbes, Glenaroua, High Camp, Kilmore, Kilmore East, Moranding, Tantaraboo, Willowmavin"
3765,-37.814771,145.346621,Montrose
3766,-37.817818,145.384955,Kalorama
3767,-37.839387,145.347505,Mount Dandenong
3770,-37.708784,145.416004,"Coldstream, Gruyere, Yering"
3775,-37.642852,145.365993,"Christmas Hills, Dixons Creek, Steels Creek, Tarrawarra, Yarra Glen"
3777,-37.606088,145.513804,"Badger Creek, Castella, Chum Creek, Healesville, Healesville Main Street, Healesville Post Shop, Mount Toolebewong, Toolangi"
3778,-37.537492,145.623011,"Fernshaw, Narbethong"
3779,-37.539267,145.784751,"Cambarville, Marysville"
3781,-37.938471,145.487862,"Cockatoo, Mount Burnett, Nangana"
3782,-37.938068,145.433024,"Avonsleigh, Clematis, Emerald, Macclesfield"
3783,-37.947379,145.596576,Gembrook
3785,-37.885138,145.316734,Tremont
3786,-37.878188,145.332431,Ferny Creek
3787,-37.866786,145.350888,"Sassafras, Sassafras Gully"
3788,-37.848036,145.377128,Olinda
3789,-37.889767,145.357336,Sherbrooke
3791,-37.896917,145.379622,Kallista
3792,-37.89424,145.405388,The Patch
3793,-37.874533,145.429715,Monbulk
3795,-37.836663,145.430311,Silvan
3796,-37.786977,145.384922,Mount Evelyn
3797,-37.867809,145.786343,"Gilderoy, Gladysdale, Powelltown, Three Bridges, Yarra Junction"
3799,-37.727566,145.818512,"Big Pats Creek, East Warburton, Mcmahons Creek, Millgrove, Reefton, Warburton, Wesburn"
3800,-37.910545,145.134935,Monash University
3802,-37.971763,145.255599,Endeavour Hills
3803,-38.009435,145.265524,Hallam
3804,-37.980059,145.325994,"Narre Warren East, Narre Warren North"
3805,-38.037026,145.304198,"Fountain Gate, Narre Warren, Narre Warren South"
3806,-38.025018,145.349488,"Berwick, Harkaway"
3807,-38.048316,145.371635,"Beaconsfield, Guys Hill"
3808,-38.002518,145.42327,"Beaconsfield Upper, Dewhurst"
3809,-38.069094,145.406887,"Officer, Officer South"
3810,-38.04658,145.472514,"Pakenham, Pakenham South, Pakenham Upper, Rythdale"
3812,-38.070135,145.565304,"Maryknoll, Nar Nar Goon, Nar Nar Goon North"
3813,-38.064252,145.634339,"Tynong, Tynong North"
3814,-38.10718,145.669112,"Cora Lynn, Garfield, Garfield North, Vervale"
3815,-38.01378,145.726311,"Bunyip, Bunyip North, Iona, Tonimbuk"
3816,-38.043542,145.787991,"Labertouche, Longwarry, Longwarry North, Modella"
3818,-38.096289,145.867337,"Athlone, Drouin, Drouin East, Drouin South, Drouin West, Hallora, Jindivick, Ripplebrook, Tarago"
3820,-38.207476,145.922212,"Bona Vista, Lillico, Warragul"
3821,-37.919937,145.945214,"Brandy Creek, Bravington, Buln Buln, Buln Buln East, Crossover, Ellinbank, Ferndale, Lardner, Nayook, Neerim Junction, Neerim North, Nilma, Nilma North, Rokeby, Seaview, Shady Creek, Tetoora Road, Torwood, Warragul South, Warragul West"
3822,-38.194379,145.989901,"Cloverlea, Darnum, Gainsborough"
3823,-38.210382,146.065656,"Allambee, Yarragon, Yarragon South"
3824,-38.245649,146.16397,"Childers, Narracan, Thorpdale South, Trafalgar, Trafalgar East, Trafalgar South"
3825,-37.978862,146.342932,"Aberfeldy, Amor, Boola, Caringal, Coalville, Coopers Creek, Erica, Fumina, Fumina South, Hernes Oak, Hill End, Jacob Creek, Jericho, Moe, Moe South, Moondarra, Newborough, Newborough East, Rawson, Tanjil, Tanjil South, Thalloo, Thaloo, Thomson, Toombon, Walhalla, Walhalla East, Westbury, Willow Grove, Yallourn, Yallourn North"
3831,-37.993258,146.013136,"Neerim, Neerim East, Neerim South"
3832,-37.919937,145.945214,"Nayook, Neerim Junction, Neerim North"
3833,-37.829347,146.077886,"Ada, Baw Baw, Baw Baw Village, Gentle Annie, Icy Creek, Loch Valley, Mt Baw Baw, Noojee, Piedmont, Tanjil Bren, Toorongo, Vesper"
3835,-38.290637,146.175271,Thorpdale
3840,-38.245215,146.424457,"Driffield, Hazelwood, Hazelwood North, Hazelwood South, Jeeralang, Jeeralang Junction, Maryvale, Mid Valley, Morwell, Morwell East, Morwell Upper"
3841,-37.5832,147.463,Gippsland Mc
3842,-38.315452,146.414358,Churchill
3844,-38.316869,146.607101,"Blackwarry, Callignee, Callignee North, Callignee South, Carrajung, Carrajung Lower, Carrajung South, Flynn, Flynns Creek, Koornalla, Loy Yang, Mount Tassie, Traralgon, Traralgon East, Traralgon South, Tyers, Willung South"
3847,-38.166213,146.772991,"Hiamdale, Nambrok, Rosedale, Willung, Willung South"
3850,-38.224191,147.106181,"Giffard, Guthridge, Sale, Sale North, Wurruk"
3851,-38.035548,147.084398,"Airly, Bundalaguah, Clydebank, Cobains, Darriman, Dutson, Dutson Downs, Flamingo Beach, Fulham, Giffard, Giffard West, Glomar Beach, Golden Beach, Kilmany, Lake Wellington, Loch Sport, Longford, Montgomery, Myrtlebank, Paradise Beach, Pearsondale, Seacombe, Seaspray, Somerton Park, Stradbroke, The Heart, The Honeysuckles"
3852,-38.106731,147.134356,"East Sale, East Sale Raaf, Sale East Raaf"
3853,-38.095569,146.059953,Sale
3854,-38.12413,146.596877,"Glengarry, Glengarry North, Glengarry West"
3856,-38.063907,146.672206,Toongabbie
3857,-38.018616,146.694894,Cowwarr
3858,-37.821756,146.576101,"Arbuckle, Billabong, Buragwonduc, Crookayan, Dawson, Denison, Gillum, Glen Falloch, Glenfalloch, Glenmaggie, Heyfield, Howitt Plains, Licola, Licola North, Reynard, Sargood, Seaton, Tamboritha, Winnindoo, Worrowing, Yangoura"
3859,-37.886136,146.848259,"Maffra West Upper, Mewburn Park, Newry, Tinamba, Tinamba West"
3860,-37.571707,146.805175,"Boisdale, Briagolong, Bushy Park, Coongulla, Koorool, Maffra, Monomak, Moroka, Nap Nap Marra, Nuntin, Riverslea, Toolome, Valencia Creek, Woolenook, Wrathung, Wrixon"
3862,-37.597551,147.228456,"Budgee Budgee, Castleburn, Cobbannah, Cowa, Crooked River, Dargo, Hawkhurst, Hollands Landing, Llowalong, Meerlieu, Miowera, Moornapa, Munro, Perry Bridge, Stockdale, Stratford, Waterford, Wongungarra"
3864,-37.860878,147.341513,"Fernbank, Glenaladale, The Fingerboard"
3865,-37.796743,147.455946,Lindenow
3869,-38.364689,146.359836,"Jumbuk, Yinnar, Yinnar South"
3870,-38.437946,146.319351,"Boolarra, Boolarra South, Budgeree, Budgeree East, Grand Ridge, Johnstones Hill, Mirboo East"
3871,-38.42207,146.158866,"Allambee Reserve, Allambee South, Baromi, Darlimurla, Delburn, Dollar, Limonite, Mirboo, Mirboo North, Tarwin East"
3873,-38.298267,146.708775,Gormandale
3874,-38.514438,146.836248,"Carrajung South, Cherrilong, Mcloughlins Beach, Woodside, Woodside Beach, Woodside North"
3875,-37.826032,147.63201,"Bairnsdale, Banksia Peninsula, Bengworden, Broadlands, Bullumwaal, Calulu, Clifton Creek, Deptford, East Bairnsdale, Eastwood, Ellaswood, Fairy Dell, Flaggy Creek, Forge Creek, Goon Nure, Granite Rock, Hillside, Hollands Landing, Iguana Creek, Lindenow South, Lucknow, Marthavale, Melwood, Merrijig, Mount Taylor, Newlands Arm, Ryans, Sarsfield, Tabberabbera, Walpa, Waterholes, Wentworth, Woodglen, Wuk Wuk, Wy Yung"
3878,-37.898544,147.680121,Eagle Point
3880,-37.914728,147.727389,"Boole Poole, Ocean Grange, Paynesville, Raymond Island"
3882,-37.812017,147.764385,Nicholson
3885,-37.291807,148.118511,"Brumby, Bruthen, Buchan, Buchan South, Butchers Ridge, Gelantipy, Mossiface, Murrindal, Suggan Buggan, Tambo Upper, Timbarra, W Tree, Wiseleigh, Wulgulmerang, Wulgulmerang East, Wulgulmerang West, Yalmy"
3886,-37.770977,148.426851,Newmerella
3887,-37.757895,148.116641,"Lake Tyers, Nowa Nowa, Wairewa"
3888,-37.39051,148.660943,"Bendoc, Bete Bolong, Bete Bolong North, Bonang, Brodribb River, Cabanandra, Cape Conran, Corringle, Deddick Valley, Delegate River, Delegate River East, Dellicknora, Goongerah, Haydens Bog, Jarrahmond, Lochend, Marlo, Martins Creek, Nurran, Omeo Valley, Orbost, Simpsons Creek, Tostaree, Tubbut, Waygara, Wombat Creek"
3889,-37.610841,148.873952,"Bell Bird Creek, Bellbird Creek, Bemm River, Cabbage Tree Creek, Club Terrace, Combienbar, Errinundra, Manorina"
3890,-37.566489,149.217216,"Buldah, Cann River, Chandlers Creek, Noorinbee, Noorinbee North, Tamboon, Tonghi Creek, Weeragua"
3891,-37.567684,149.538907,"Genoa, Gipsy Point, Maramingo Creek, Wallagaraugh, Wangarabell, Wingan River, Wroxham"
3892,-37.563775,149.909868,Mallacoota
3893,-37.495349,147.866067,"Double Bridges, Stirling, Tambo Crossing"
3895,-37.379331,147.887515,"Doctors Flat, Ensay, Ensay North, Reedy Creek, Reedy Flat"
3896,-37.264671,147.707962,"Bindi, Brookville, Nunniong, Swifts Creek, Tongio"
3898,-37.066169,147.464799,"Anglers Rest, Bingo, Bingo Munjie, Bundara, Cassilis, Cobungra, Dinner Plain, Glen Valley, Glen Wills, Hinnomunjie, Omeo, Omeo Valley, Shannonvale"
3900,-36.88053,147.826143,"Benambra, Cobberas, Uplands"
3902,-37.797042,147.814894,"Bumberrah, Johnsonville"
3903,-37.811303,147.867533,Swan Reach
3904,-37.881041,147.839367,Metung
3909,-37.821921,147.970237,"Kalimna, Kalimna West, Lake Bunga, Lake Tyers Beach, Lakes Entrance, Nungurner, Nyerimilang, Toorloo Arm"
3910,-38.156369,145.198328,Langwarrin
3911,-38.196908,145.169556,"Baxter, Langwarrin South"
3912,-38.217991,145.227373,"Pearcedale, Somerville"
3913,-38.262273,145.166426,Tyabb
3915,-38.305806,145.136622,"Hastings, Tuerong"
3916,-38.415199,145.050587,"Merricks, Point Leo, Shoreham"
3918,-38.339871,145.155546,Bittern
3919,-38.352327,145.199777,Crib Point
3920,-38.38752,145.19304,"Flinders Naval Depot, Hmas Cerberus"
3921,-38.419488,145.367079,"Elizabeth Island, French Island, Tankerton"
3922,-38.482182,145.231974,"Cowes, Silverleaves, Smiths Beach, Summerlands, Sunderland Bay, Sunset Strip, Surf Beach, Ventnor, Wimbledon Heights"
3923,-38.465552,145.293632,Rhyll
3925,-38.528213,145.379683,"Cape Woolamai, Churchill Island, Newhaven, San Remo"
3926,-38.355231,145.094502,"Balnarring, Balnarring Beach, Merricks Beach, Merricks North"
3927,-38.383368,145.153269,Somers
3928,-38.407828,144.975131,Main Ridge
3929,-38.460965,144.976673,Flinders
3930,-38.195017,145.093743,"Kunyung, Mount Eliza"
3931,-38.230038,145.049503,Mornington
3933,-38.261168,145.096992,Moorooduc
3934,-38.2783,145.031598,Mount Martha
3936,-38.326447,145.007626,"Arthurs Seat, Dromana, Safety Beach"
3937,-38.373694,145.01994,"Red Hill, Red Hill South"
3938,-38.354321,144.931834,Mccrae
3939,-38.42776,144.900413,"Boneo, Cape Schanck, Fingal, Rosebud, Rosebud Plaza"
3940,-38.383367,144.873115,"Capel Sound, Rosebud West"
3941,-38.396077,144.827203,"Rye, St Andrews Beach, Tootgarook"
3942,-38.367874,144.768301,Blairgowrie
3943,-38.345527,144.739101,Sorrento
3944,-38.321871,144.692708,Portsea
3945,-38.381582,145.697053,"Bellview, Jeetho, Krowera, Loch, Woodleigh"
3946,-38.448155,145.723537,Bena
3950,-38.435217,145.812945,"Kardella South, Korumburra, Korumburra South, Strzelecki, Whitelaw"
3951,-38.47372,145.798419,"Arawata, Fairbank, Jumbunna, Kardella, Kongwak, Moyarra, Outtrim, Ranceby"
3953,-38.460127,145.995174,"Berrys Creek, Boorool, Hallston, Koorooman, Leongatha, Leongatha North, Leongatha South, Mardan, Mount Eccles, Mount Eccles South, Nerrena, Ruby, Trida, Wild Dog Valley, Wooreen"
3954,-38.550379,145.937973,Koonwarra
3956,-38.597018,145.955341,"Dumbalk, Dumbalk North, Meeniyan, Middle Tarwin, Mirboo South, Tarwin, Tarwin Lower, Venus Bay, Walkerville, Walkerville North, Walkerville South"
3957,-38.589302,146.126718,"Grassy Spur, Stony Creek"
3958,-38.673841,145.987059,"Buffalo, Buffalo Creek"
3959,-38.734636,146.066529,"Fish Creek, Hoddle, Sandy Point, Waratah Bay, Waratah North"
3960,-39.140761,146.360412,"Bennison, Boolarong, Foster, Foster North, Gunyah, Mount Best, Rumbug, Shallow Inlet, Tidal River, Turtons Creek, Wilsons Promontory, Wonga, Woorarra West, Yanakie"
3962,-38.60357,146.359804,"Agnes, Christies, Grand Ridge, Toora, Toora North, Wonyip, Woorarra, Woorarra East"
3964,-38.685115,146.278804,Port Franklin
3965,-38.693437,146.472132,Port Welshpool
3966,-38.630568,146.436583,"Binginwarri, Hazel Park, Welshpool"
3967,-38.647562,146.507929,Hedley
3971,-38.631942,146.815723,"Alberton, Alberton West, Balook, Baromi, Calrossie, Devon North, Gelliondale, Hiawatha, Hunterston, Jack River, Langsborough, Macks Creek, Madalya, Manns Beach, Port Albert, Robertsons Beach, Snake Island, Staceys Bridge, Tarra Valley, Tarraville, Won Wron, Yarram"
3975,-38.05354,145.231114,"Lynbrook, Lyndhurst"
3976,-38.043995,145.264296,Hampton Park
3977,-38.135253,145.268888,"Botanic Ridge, Cannons Creek, Cranbourne, Cranbourne East, Cranbourne North, Cranbourne South, Cranbourne West, Devon Meadows, Five Ways, Junction Village, Sandhurst, Skye"
3978,-38.135009,145.384606,"Cardinia, Clyde, Clyde North"
3979,-38.44818,145.591284,"Almurta, Glen Alvie, Kernot, Korrine"
3980,-38.204448,145.356937,"Blind Bight, Tooradin, Warneet"
3981,-38.207298,145.575,"Bayles, Catani, Dalmore, Heath Hill, Koo Wee Rup, Koo Wee Rup North, Yannathan"
3984,-38.312647,145.563979,"Adams Estate, Caldermeade, Corinella, Coronet Bay, Grantville, Jam Jerrup, Lang Lang, Lang Lang East, Monomeith, Pioneer Bay, Queensferry, Tenby Point, The Gurdies"
3987,-38.309048,145.689142,Nyora
3988,-38.313447,145.811863,"Mountain View, Poowong, Poowong East, Poowong North"
3990,-38.455399,145.501279,Glen Forbes
3991,-38.483041,145.466781,Bass
3992,-38.569135,145.534315,"Blackwood Forest, Dalyston, Ryanston, West Creek"
3995,-38.578071,145.630713,"Anderson, Archies Creek, Cape Paterson, Harmers Haven, Hicksborough, Kilcunda, Lance Creek, North Wonthaggi, Powlett River, South Dudley, St Clair, Wattle Bank, Wonthaggi, Woolamai"
3996,-38.629561,145.745609,"Inverloch, Pound Creek"
8001,-37.81443733,144.9825846,Melbourne
8002,-37.81443733,144.9825846,East Melbourne
8003,-37.8183,144.957,Collins Street East
8004,-36.5587997,145.4689942,St Kilda Road
8005,-37.824608,144.950858,World Trade Centre
8006,-37.8097006,144.9593062,Abeckett Street
8007,-37.8183,144.957,Collins Street West
8008,-37.844246,144.970161,St Kilda Road Central
8009,-37.817201,144.964531,Flinders Lane
8010,-38.185857,146.293728,Law Courts
8011,-37.8113144,144.9617461,Little Lonsdale Street
8012,-37.814719,144.948039,Docklands
8045,-37.81443733,144.9825846,Melbourne
8051,-37.81443733,144.9825846,Melbourne
8066,-37.81443733,144.9825846,Melbourne
8069,-37.81443733,144.9825846,Melbourne
8070,-37.81443733,144.9825846,Melbourne
8071,-37.81443733,144.9825846,Melbourne
8102,-37.81443733,144.9825846,Melbourne
8107,-37.81443733,144.9825846,Melbourne
8111,-37.81443733,144.9825846,Melbourne
8120,-37.81443733,144.9825846,Melbourne
8205,-37.81443733,144.9825846,Melbourne
8383,-37.81443733,144.9825846,Melbourne
8438,-37.79809941,144.8110787,Sunshine West
8511,-37.79809941,144.8110787,Sunshine West
8785,-38.016114,145.208504,"Dandenong, Dandenong South"
9999,-37.817403,144.956776,North Pole
